{
  "menu": {
    "backup": "Copias de seguridad",
    "commandPrompt": "Simbolo del sistema",
    "languages": "Idioma",
    "listBackup": "Lista de copias de seguridad",
    "logs": "Registros",
    "retorno": "retorno",
    "exit": "Salida"
  },
  "menuBackup": {
    "createBackup": "Crear una copia de seguridad",
    "editBackup": "editar una copia de seguridad",
    "deleteBackup": "eliminar una copia de seguridad"
  },
  "menuLang": {
    "en": "Ingles",
    "fr": "frances",
    "es": "Espanol",
    "msgSucces": "idioma cambiado con exito"
  },
  "listBackup": {
    "showBackup": "label : {0} \nsource : {1} \ndestination : {2} \ntype : {3}"
  },
  "handleBackup": {
    "inputLabel": "Por favor, escriba una etiqueta {0}: ",
    "inputLabelSearch": "Por favor, escriba la etiqueta de la copia de seguridad que esta buscando: ",
    "inputSourceFolder": "Por favor, introduzca la carpeta de origen {0}: ",
    "inputDestinationFolder": "Especifique la carpeta de destino {0}: ",
    "inputBackupType": "Especifique el tipo de copia de seguridad (diferencial/completa) {0}: ",
    "fileStatus": {
      "backupd": "Copia de seguridad guardada",
      "deleted": "Backup borrado",
      "backupException": "Se ha producido un error al guardar el archivo JSON",
      "deleteException": "Se ha producido un error al borrar el archivo JSON"
    },
    "testsException": {
      "fileAlreadyExistsOrInvalid": "La copia de seguridad con el nombre {0} no existe ya o el nombre {0} no es valido",
      "fileDoesntExists": "La copia de seguridad con nombre {0} no existe",
      "folderDoesntExists": "La carpeta bajo la ruta {0} no existe",
      "wrongEnum": "El tipo de copia de seguridad {0} no existe (diferencial/completa)"
    }
  },
  "console": {
    "helpGlobal": "Aqui tienes una lista de comandos disponibles:\n'help' = mostrar este menu\n'exit' = salir del s�mbolo del sistema'\n'launchindividual' backupName = lanzar una copia de seguridad individualmente\n-'launchgrouped' backup1;backup2 = lanzar copias de seguridad en grupo puede lanzar en modo multithreading con la opcion :multithreading (pulse cualquier tecla para continuar)",
    "helpLaunchIndividual": "{0}DOC LAUNCHINDIVIDUAL (pulse cualquier tecla para continuar)",
    "helpLaunchGrouped": "{0}DOC LAUNCHGROUPED (pulse cualquier tecla para continuar)",
    "commandNotFound": "Comando: {0} no encontrado (pulse cualquier tecla para continuar)",
    "progress": {
      "save": "Guardar: ",
      "remainingSize": "Numero de bytes restantes: ",
      "status": "Estado: ",
      "remainingFiles": "Numero de archivos restantes: "
    }
  },
  "exception": {
    "json": "[El JSON: {0}.json, esta posiblemente malformado, por favor compruebe su validez]",
    "directorynotfound": "[No se encontro la carpeta que debia contener el archivo: {0}.json]",
    "filenotfound": "[No se encontro el archivo: {0}.json, especificado]",
    "missingTranslation": "[Falta la traduccion {0}]",
    "invalidMode": "El modo no es valido"
  }
}